[{"model": "contenttypes.contenttype", "pk": 1, "fields": {"app_label": "admin", "model": "logentry"}}, {"model": "contenttypes.contenttype", "pk": 2, "fields": {"app_label": "auth", "model": "permission"}}, {"model": "contenttypes.contenttype", "pk": 3, "fields": {"app_label": "auth", "model": "group"}}, {"model": "contenttypes.contenttype", "pk": 4, "fields": {"app_label": "auth", "model": "user"}}, {"model": "contenttypes.contenttype", "pk": 5, "fields": {"app_label": "contenttypes", "model": "contenttype"}}, {"model": "contenttypes.contenttype", "pk": 6, "fields": {"app_label": "sessions", "model": "session"}}, {"model": "contenttypes.contenttype", "pk": 7, "fields": {"app_label": "blog", "model": "blogtype"}}, {"model": "contenttypes.contenttype", "pk": 8, "fields": {"app_label": "blog", "model": "blog"}}, {"model": "contenttypes.contenttype", "pk": 9, "fields": {"app_label": "blog", "model": "readnum"}}, {"model": "contenttypes.contenttype", "pk": 10, "fields": {"app_label": "read_statistics", "model": "readnum"}}, {"model": "contenttypes.contenttype", "pk": 11, "fields": {"app_label": "read_statistics", "model": "readdetail"}}, {"model": "contenttypes.contenttype", "pk": 12, "fields": {"app_label": "comment", "model": "comment"}}, {"model": "sessions.session", "pk": "1yxmbfojymxplr0akqy57m3lb8ynzrf4", "fields": {"session_data": "N2IzMmViYzE3ZTUyYmYxOGI1MmRlNTQzM2E0NDU5NDc2MmVkNGMyZjp7Il9hdXRoX3VzZXJfaWQiOiIxIiwiX2F1dGhfdXNlcl9iYWNrZW5kIjoiZGphbmdvLmNvbnRyaWIuYXV0aC5iYWNrZW5kcy5Nb2RlbEJhY2tlbmQiLCJfYXV0aF91c2VyX2hhc2giOiIzMWMyOWQyMWE2ZTQwOGMwNDg3NzQ4ZGNjZWIxNWNkMjlmZGI5NjIxIn0=", "expire_date": "2018-03-14T16:48:33.818Z"}}, {"model": "sessions.session", "pk": "2nsxrgbqo9nx2cpw60u4d1e5eklevsql", "fields": {"session_data": "N2IzMmViYzE3ZTUyYmYxOGI1MmRlNTQzM2E0NDU5NDc2MmVkNGMyZjp7Il9hdXRoX3VzZXJfaWQiOiIxIiwiX2F1dGhfdXNlcl9iYWNrZW5kIjoiZGphbmdvLmNvbnRyaWIuYXV0aC5iYWNrZW5kcy5Nb2RlbEJhY2tlbmQiLCJfYXV0aF91c2VyX2hhc2giOiIzMWMyOWQyMWE2ZTQwOGMwNDg3NzQ4ZGNjZWIxNWNkMjlmZGI5NjIxIn0=", "expire_date": "2018-02-18T17:27:25.844Z"}}, {"model": "sessions.session", "pk": "2qf7m5i4cnn0ln4czsp3xuo2isaoq87r", "fields": {"session_data": "N2IzMmViYzE3ZTUyYmYxOGI1MmRlNTQzM2E0NDU5NDc2MmVkNGMyZjp7Il9hdXRoX3VzZXJfaWQiOiIxIiwiX2F1dGhfdXNlcl9iYWNrZW5kIjoiZGphbmdvLmNvbnRyaWIuYXV0aC5iYWNrZW5kcy5Nb2RlbEJhY2tlbmQiLCJfYXV0aF91c2VyX2hhc2giOiIzMWMyOWQyMWE2ZTQwOGMwNDg3NzQ4ZGNjZWIxNWNkMjlmZGI5NjIxIn0=", "expire_date": "2018-02-08T16:45:08.096Z"}}, {"model": "sessions.session", "pk": "60tpad54tedxqyhts7eiwrjlzvj19x0b", "fields": {"session_data": "N2IzMmViYzE3ZTUyYmYxOGI1MmRlNTQzM2E0NDU5NDc2MmVkNGMyZjp7Il9hdXRoX3VzZXJfaWQiOiIxIiwiX2F1dGhfdXNlcl9iYWNrZW5kIjoiZGphbmdvLmNvbnRyaWIuYXV0aC5iYWNrZW5kcy5Nb2RlbEJhY2tlbmQiLCJfYXV0aF91c2VyX2hhc2giOiIzMWMyOWQyMWE2ZTQwOGMwNDg3NzQ4ZGNjZWIxNWNkMjlmZGI5NjIxIn0=", "expire_date": "2018-02-20T14:32:46.134Z"}}, {"model": "sessions.session", "pk": "751hsr4r5zv9gmtb1surmhfk1ss2425w", "fields": {"session_data": "YWE2N2VjMWU1ZGZlYzE2N2VhMjY0Yzc1MTllNjJjODBhNGU0Yjk1Nzp7Il9hdXRoX3VzZXJfaWQiOiIyIiwiX2F1dGhfdXNlcl9iYWNrZW5kIjoiZGphbmdvLmNvbnRyaWIuYXV0aC5iYWNrZW5kcy5Nb2RlbEJhY2tlbmQiLCJfYXV0aF91c2VyX2hhc2giOiIzMWJkNWZmOGM4MTcwZGJhMDg1MjU4MGZlYmUyNDc4NWY5NGRkMDYwIn0=", "expire_date": "2018-04-14T10:43:26.203Z"}}, {"model": "sessions.session", "pk": "7l3138a1suypj2ymamrtt6x1c416nbss", "fields": {"session_data": "N2IzMmViYzE3ZTUyYmYxOGI1MmRlNTQzM2E0NDU5NDc2MmVkNGMyZjp7Il9hdXRoX3VzZXJfaWQiOiIxIiwiX2F1dGhfdXNlcl9iYWNrZW5kIjoiZGphbmdvLmNvbnRyaWIuYXV0aC5iYWNrZW5kcy5Nb2RlbEJhY2tlbmQiLCJfYXV0aF91c2VyX2hhc2giOiIzMWMyOWQyMWE2ZTQwOGMwNDg3NzQ4ZGNjZWIxNWNkMjlmZGI5NjIxIn0=", "expire_date": "2018-12-03T02:26:27.710Z"}}, {"model": "sessions.session", "pk": "9vm5q2wvdehumcul1y62lf64f06ym3vo", "fields": {"session_data": "N2IzMmViYzE3ZTUyYmYxOGI1MmRlNTQzM2E0NDU5NDc2MmVkNGMyZjp7Il9hdXRoX3VzZXJfaWQiOiIxIiwiX2F1dGhfdXNlcl9iYWNrZW5kIjoiZGphbmdvLmNvbnRyaWIuYXV0aC5iYWNrZW5kcy5Nb2RlbEJhY2tlbmQiLCJfYXV0aF91c2VyX2hhc2giOiIzMWMyOWQyMWE2ZTQwOGMwNDg3NzQ4ZGNjZWIxNWNkMjlmZGI5NjIxIn0=", "expire_date": "2018-01-07T17:54:43.802Z"}}, {"model": "sessions.session", "pk": "b1qnir8vl580cod6y7i9hbxnpj46ce6i", "fields": {"session_data": "N2IzMmViYzE3ZTUyYmYxOGI1MmRlNTQzM2E0NDU5NDc2MmVkNGMyZjp7Il9hdXRoX3VzZXJfaWQiOiIxIiwiX2F1dGhfdXNlcl9iYWNrZW5kIjoiZGphbmdvLmNvbnRyaWIuYXV0aC5iYWNrZW5kcy5Nb2RlbEJhY2tlbmQiLCJfYXV0aF91c2VyX2hhc2giOiIzMWMyOWQyMWE2ZTQwOGMwNDg3NzQ4ZGNjZWIxNWNkMjlmZGI5NjIxIn0=", "expire_date": "2018-02-21T17:00:03.358Z"}}, {"model": "sessions.session", "pk": "cdph81y6ruv5qohm4zved37yeqng6v0z", "fields": {"session_data": "N2IzMmViYzE3ZTUyYmYxOGI1MmRlNTQzM2E0NDU5NDc2MmVkNGMyZjp7Il9hdXRoX3VzZXJfaWQiOiIxIiwiX2F1dGhfdXNlcl9iYWNrZW5kIjoiZGphbmdvLmNvbnRyaWIuYXV0aC5iYWNrZW5kcy5Nb2RlbEJhY2tlbmQiLCJfYXV0aF91c2VyX2hhc2giOiIzMWMyOWQyMWE2ZTQwOGMwNDg3NzQ4ZGNjZWIxNWNkMjlmZGI5NjIxIn0=", "expire_date": "2018-04-08T18:33:21.018Z"}}, {"model": "sessions.session", "pk": "dt02pppm6k4wvp26j03xwltr1ddki4fx", "fields": {"session_data": "N2IzMmViYzE3ZTUyYmYxOGI1MmRlNTQzM2E0NDU5NDc2MmVkNGMyZjp7Il9hdXRoX3VzZXJfaWQiOiIxIiwiX2F1dGhfdXNlcl9iYWNrZW5kIjoiZGphbmdvLmNvbnRyaWIuYXV0aC5iYWNrZW5kcy5Nb2RlbEJhY2tlbmQiLCJfYXV0aF91c2VyX2hhc2giOiIzMWMyOWQyMWE2ZTQwOGMwNDg3NzQ4ZGNjZWIxNWNkMjlmZGI5NjIxIn0=", "expire_date": "2018-04-08T18:29:24.971Z"}}, {"model": "sessions.session", "pk": "ig4glb9bclhog88twq0ynxawgh4fy3mf", "fields": {"session_data": "N2IzMmViYzE3ZTUyYmYxOGI1MmRlNTQzM2E0NDU5NDc2MmVkNGMyZjp7Il9hdXRoX3VzZXJfaWQiOiIxIiwiX2F1dGhfdXNlcl9iYWNrZW5kIjoiZGphbmdvLmNvbnRyaWIuYXV0aC5iYWNrZW5kcy5Nb2RlbEJhY2tlbmQiLCJfYXV0aF91c2VyX2hhc2giOiIzMWMyOWQyMWE2ZTQwOGMwNDg3NzQ4ZGNjZWIxNWNkMjlmZGI5NjIxIn0=", "expire_date": "2018-02-18T17:30:44.870Z"}}, {"model": "sessions.session", "pk": "jn6h93agtv1slq3v23v6m1ri7wpolz5r", "fields": {"session_data": "N2IzMmViYzE3ZTUyYmYxOGI1MmRlNTQzM2E0NDU5NDc2MmVkNGMyZjp7Il9hdXRoX3VzZXJfaWQiOiIxIiwiX2F1dGhfdXNlcl9iYWNrZW5kIjoiZGphbmdvLmNvbnRyaWIuYXV0aC5iYWNrZW5kcy5Nb2RlbEJhY2tlbmQiLCJfYXV0aF91c2VyX2hhc2giOiIzMWMyOWQyMWE2ZTQwOGMwNDg3NzQ4ZGNjZWIxNWNkMjlmZGI5NjIxIn0=", "expire_date": "2018-04-03T19:08:15.069Z"}}, {"model": "sessions.session", "pk": "ksdaeyy8929hgtarw5sp7df4setxrkvx", "fields": {"session_data": "N2IzMmViYzE3ZTUyYmYxOGI1MmRlNTQzM2E0NDU5NDc2MmVkNGMyZjp7Il9hdXRoX3VzZXJfaWQiOiIxIiwiX2F1dGhfdXNlcl9iYWNrZW5kIjoiZGphbmdvLmNvbnRyaWIuYXV0aC5iYWNrZW5kcy5Nb2RlbEJhY2tlbmQiLCJfYXV0aF91c2VyX2hhc2giOiIzMWMyOWQyMWE2ZTQwOGMwNDg3NzQ4ZGNjZWIxNWNkMjlmZGI5NjIxIn0=", "expire_date": "2018-03-09T17:34:33.897Z"}}, {"model": "sessions.session", "pk": "sputf6isbnmcfy3u81588dam4xyfag5j", "fields": {"session_data": "N2IzMmViYzE3ZTUyYmYxOGI1MmRlNTQzM2E0NDU5NDc2MmVkNGMyZjp7Il9hdXRoX3VzZXJfaWQiOiIxIiwiX2F1dGhfdXNlcl9iYWNrZW5kIjoiZGphbmdvLmNvbnRyaWIuYXV0aC5iYWNrZW5kcy5Nb2RlbEJhY2tlbmQiLCJfYXV0aF91c2VyX2hhc2giOiIzMWMyOWQyMWE2ZTQwOGMwNDg3NzQ4ZGNjZWIxNWNkMjlmZGI5NjIxIn0=", "expire_date": "2018-01-11T16:45:20.525Z"}}, {"model": "sessions.session", "pk": "ssc58qs01znb95b2e7jepbhzqyg9k0ra", "fields": {"session_data": "NGQ0NmRjMjk2MmQ5ZGZmYjg5YTBmYzc2OTZiMjNhNmM3YWM3NDI5YTp7Il9hdXRoX3VzZXJfaWQiOiI1IiwiX2F1dGhfdXNlcl9iYWNrZW5kIjoiZGphbmdvLmNvbnRyaWIuYXV0aC5iYWNrZW5kcy5Nb2RlbEJhY2tlbmQiLCJfYXV0aF91c2VyX2hhc2giOiJkYzRmNjFhNGIyNGVlYTMwYzZiM2VjMzQ1NzA5YzRkZWU3YzA0NWJmIn0=", "expire_date": "2018-12-05T05:25:46.339Z"}}, {"model": "sessions.session", "pk": "tcpqmyupoqs2vhq4wj9skci1whw8gh8n", "fields": {"session_data": "NGQ0NmRjMjk2MmQ5ZGZmYjg5YTBmYzc2OTZiMjNhNmM3YWM3NDI5YTp7Il9hdXRoX3VzZXJfaWQiOiI1IiwiX2F1dGhfdXNlcl9iYWNrZW5kIjoiZGphbmdvLmNvbnRyaWIuYXV0aC5iYWNrZW5kcy5Nb2RlbEJhY2tlbmQiLCJfYXV0aF91c2VyX2hhc2giOiJkYzRmNjFhNGIyNGVlYTMwYzZiM2VjMzQ1NzA5YzRkZWU3YzA0NWJmIn0=", "expire_date": "2018-12-05T05:49:31.726Z"}}, {"model": "sessions.session", "pk": "tykskoa9mvk65jo72b0yetrqwm2i25rv", "fields": {"session_data": "N2IzMmViYzE3ZTUyYmYxOGI1MmRlNTQzM2E0NDU5NDc2MmVkNGMyZjp7Il9hdXRoX3VzZXJfaWQiOiIxIiwiX2F1dGhfdXNlcl9iYWNrZW5kIjoiZGphbmdvLmNvbnRyaWIuYXV0aC5iYWNrZW5kcy5Nb2RlbEJhY2tlbmQiLCJfYXV0aF91c2VyX2hhc2giOiIzMWMyOWQyMWE2ZTQwOGMwNDg3NzQ4ZGNjZWIxNWNkMjlmZGI5NjIxIn0=", "expire_date": "2018-03-19T18:33:41.869Z"}}, {"model": "sessions.session", "pk": "uogzlzd1wx4k2ixd2nnh283phsjsdxtx", "fields": {"session_data": "N2IzMmViYzE3ZTUyYmYxOGI1MmRlNTQzM2E0NDU5NDc2MmVkNGMyZjp7Il9hdXRoX3VzZXJfaWQiOiIxIiwiX2F1dGhfdXNlcl9iYWNrZW5kIjoiZGphbmdvLmNvbnRyaWIuYXV0aC5iYWNrZW5kcy5Nb2RlbEJhY2tlbmQiLCJfYXV0aF91c2VyX2hhc2giOiIzMWMyOWQyMWE2ZTQwOGMwNDg3NzQ4ZGNjZWIxNWNkMjlmZGI5NjIxIn0=", "expire_date": "2018-04-22T17:53:06.955Z"}}, {"model": "sessions.session", "pk": "v5h02l7n8y230wc23k2zqfia54x189gr", "fields": {"session_data": "N2IzMmViYzE3ZTUyYmYxOGI1MmRlNTQzM2E0NDU5NDc2MmVkNGMyZjp7Il9hdXRoX3VzZXJfaWQiOiIxIiwiX2F1dGhfdXNlcl9iYWNrZW5kIjoiZGphbmdvLmNvbnRyaWIuYXV0aC5iYWNrZW5kcy5Nb2RlbEJhY2tlbmQiLCJfYXV0aF91c2VyX2hhc2giOiIzMWMyOWQyMWE2ZTQwOGMwNDg3NzQ4ZGNjZWIxNWNkMjlmZGI5NjIxIn0=", "expire_date": "2018-02-21T17:26:54.345Z"}}, {"model": "sessions.session", "pk": "vm6goinxqkdaop78iddn12oihw6zaqwb", "fields": {"session_data": "N2IzMmViYzE3ZTUyYmYxOGI1MmRlNTQzM2E0NDU5NDc2MmVkNGMyZjp7Il9hdXRoX3VzZXJfaWQiOiIxIiwiX2F1dGhfdXNlcl9iYWNrZW5kIjoiZGphbmdvLmNvbnRyaWIuYXV0aC5iYWNrZW5kcy5Nb2RlbEJhY2tlbmQiLCJfYXV0aF91c2VyX2hhc2giOiIzMWMyOWQyMWE2ZTQwOGMwNDg3NzQ4ZGNjZWIxNWNkMjlmZGI5NjIxIn0=", "expire_date": "2018-04-08T19:03:39.175Z"}}, {"model": "sessions.session", "pk": "vzqzikib2b4v9u2xb1a0z26wpockme03", "fields": {"session_data": "N2IzMmViYzE3ZTUyYmYxOGI1MmRlNTQzM2E0NDU5NDc2MmVkNGMyZjp7Il9hdXRoX3VzZXJfaWQiOiIxIiwiX2F1dGhfdXNlcl9iYWNrZW5kIjoiZGphbmdvLmNvbnRyaWIuYXV0aC5iYWNrZW5kcy5Nb2RlbEJhY2tlbmQiLCJfYXV0aF91c2VyX2hhc2giOiIzMWMyOWQyMWE2ZTQwOGMwNDg3NzQ4ZGNjZWIxNWNkMjlmZGI5NjIxIn0=", "expire_date": "2018-04-26T20:18:23.070Z"}}, {"model": "sessions.session", "pk": "w2aecfgdj4s9d4ddu95g955u5ap47bk6", "fields": {"session_data": "N2IzMmViYzE3ZTUyYmYxOGI1MmRlNTQzM2E0NDU5NDc2MmVkNGMyZjp7Il9hdXRoX3VzZXJfaWQiOiIxIiwiX2F1dGhfdXNlcl9iYWNrZW5kIjoiZGphbmdvLmNvbnRyaWIuYXV0aC5iYWNrZW5kcy5Nb2RlbEJhY2tlbmQiLCJfYXV0aF91c2VyX2hhc2giOiIzMWMyOWQyMWE2ZTQwOGMwNDg3NzQ4ZGNjZWIxNWNkMjlmZGI5NjIxIn0=", "expire_date": "2018-04-08T18:39:46.772Z"}}, {"model": "blog.blogtype", "pk": 1, "fields": {"type_name": "Django"}}, {"model": "blog.blogtype", "pk": 2, "fields": {"type_name": "\u968f\u7b14"}}, {"model": "blog.blogtype", "pk": 3, "fields": {"type_name": "\u611f\u609f"}}, {"model": "read_statistics.readnum", "pk": 1, "fields": {"read_num": 24, "content_type": 8, "object_id": 36}}, {"model": "read_statistics.readnum", "pk": 2, "fields": {"read_num": 2, "content_type": 8, "object_id": 34}}, {"model": "read_statistics.readnum", "pk": 3, "fields": {"read_num": 1, "content_type": 8, "object_id": 20}}, {"model": "read_statistics.readnum", "pk": 4, "fields": {"read_num": 5, "content_type": 8, "object_id": 35}}, {"model": "read_statistics.readnum", "pk": 5, "fields": {"read_num": 1, "content_type": 8, "object_id": 33}}, {"model": "read_statistics.readnum", "pk": 6, "fields": {"read_num": 1, "content_type": 8, "object_id": 32}}, {"model": "read_statistics.readnum", "pk": 7, "fields": {"read_num": 3, "content_type": 8, "object_id": 30}}, {"model": "read_statistics.readdetail", "pk": 1, "fields": {"date": "2018-02-27", "read_num": 4, "content_type": 8, "object_id": 36}}, {"model": "read_statistics.readdetail", "pk": 2, "fields": {"date": "2018-02-28", "read_num": 1, "content_type": 8, "object_id": 35}}, {"model": "read_statistics.readdetail", "pk": 3, "fields": {"date": "2018-02-28", "read_num": 1, "content_type": 8, "object_id": 36}}, {"model": "read_statistics.readdetail", "pk": 4, "fields": {"date": "2018-03-05", "read_num": 1, "content_type": 8, "object_id": 36}}, {"model": "read_statistics.readdetail", "pk": 5, "fields": {"date": "2018-03-04", "read_num": 2, "content_type": 8, "object_id": 35}}, {"model": "read_statistics.readdetail", "pk": 6, "fields": {"date": "2018-03-20", "read_num": 1, "content_type": 8, "object_id": 36}}, {"model": "read_statistics.readdetail", "pk": 7, "fields": {"date": "2018-03-25", "read_num": 4, "content_type": 8, "object_id": 36}}, {"model": "read_statistics.readdetail", "pk": 8, "fields": {"date": "2018-03-31", "read_num": 1, "content_type": 8, "object_id": 36}}, {"model": "read_statistics.readdetail", "pk": 9, "fields": {"date": "2018-04-08", "read_num": 1, "content_type": 8, "object_id": 36}}, {"model": "read_statistics.readdetail", "pk": 10, "fields": {"date": "2018-04-12", "read_num": 1, "content_type": 8, "object_id": 36}}, {"model": "read_statistics.readdetail", "pk": 11, "fields": {"date": "2018-11-16", "read_num": 1, "content_type": 8, "object_id": 30}}, {"model": "read_statistics.readdetail", "pk": 12, "fields": {"date": "2018-11-19", "read_num": 2, "content_type": 8, "object_id": 36}}, {"model": "read_statistics.readdetail", "pk": 13, "fields": {"date": "2018-11-19", "read_num": 1, "content_type": 8, "object_id": 35}}, {"model": "read_statistics.readdetail", "pk": 14, "fields": {"date": "2018-11-19", "read_num": 1, "content_type": 8, "object_id": 30}}, {"model": "read_statistics.readdetail", "pk": 15, "fields": {"date": "2018-11-20", "read_num": 1, "content_type": 8, "object_id": 36}}, {"model": "read_statistics.readdetail", "pk": 16, "fields": {"date": "2018-11-20", "read_num": 1, "content_type": 8, "object_id": 30}}, {"model": "auth.permission", "pk": 1, "fields": {"name": "Can add log entry", "content_type": 1, "codename": "add_logentry"}}, {"model": "auth.permission", "pk": 2, "fields": {"name": "Can change log entry", "content_type": 1, "codename": "change_logentry"}}, {"model": "auth.permission", "pk": 3, "fields": {"name": "Can delete log entry", "content_type": 1, "codename": "delete_logentry"}}, {"model": "auth.permission", "pk": 4, "fields": {"name": "Can add permission", "content_type": 2, "codename": "add_permission"}}, {"model": "auth.permission", "pk": 5, "fields": {"name": "Can change permission", "content_type": 2, "codename": "change_permission"}}, {"model": "auth.permission", "pk": 6, "fields": {"name": "Can delete permission", "content_type": 2, "codename": "delete_permission"}}, {"model": "auth.permission", "pk": 7, "fields": {"name": "Can add group", "content_type": 3, "codename": "add_group"}}, {"model": "auth.permission", "pk": 8, "fields": {"name": "Can change group", "content_type": 3, "codename": "change_group"}}, {"model": "auth.permission", "pk": 9, "fields": {"name": "Can delete group", "content_type": 3, "codename": "delete_group"}}, {"model": "auth.permission", "pk": 10, "fields": {"name": "Can add user", "content_type": 4, "codename": "add_user"}}, {"model": "auth.permission", "pk": 11, "fields": {"name": "Can change user", "content_type": 4, "codename": "change_user"}}, {"model": "auth.permission", "pk": 12, "fields": {"name": "Can delete user", "content_type": 4, "codename": "delete_user"}}, {"model": "auth.permission", "pk": 13, "fields": {"name": "Can add content type", "content_type": 5, "codename": "add_contenttype"}}, {"model": "auth.permission", "pk": 14, "fields": {"name": "Can change content type", "content_type": 5, "codename": "change_contenttype"}}, {"model": "auth.permission", "pk": 15, "fields": {"name": "Can delete content type", "content_type": 5, "codename": "delete_contenttype"}}, {"model": "auth.permission", "pk": 16, "fields": {"name": "Can add session", "content_type": 6, "codename": "add_session"}}, {"model": "auth.permission", "pk": 17, "fields": {"name": "Can change session", "content_type": 6, "codename": "change_session"}}, {"model": "auth.permission", "pk": 18, "fields": {"name": "Can delete session", "content_type": 6, "codename": "delete_session"}}, {"model": "auth.permission", "pk": 19, "fields": {"name": "Can add blog type", "content_type": 7, "codename": "add_blogtype"}}, {"model": "auth.permission", "pk": 20, "fields": {"name": "Can change blog type", "content_type": 7, "codename": "change_blogtype"}}, {"model": "auth.permission", "pk": 21, "fields": {"name": "Can delete blog type", "content_type": 7, "codename": "delete_blogtype"}}, {"model": "auth.permission", "pk": 22, "fields": {"name": "Can add blog", "content_type": 8, "codename": "add_blog"}}, {"model": "auth.permission", "pk": 23, "fields": {"name": "Can change blog", "content_type": 8, "codename": "change_blog"}}, {"model": "auth.permission", "pk": 24, "fields": {"name": "Can delete blog", "content_type": 8, "codename": "delete_blog"}}, {"model": "auth.permission", "pk": 25, "fields": {"name": "Can add read num", "content_type": 9, "codename": "add_readnum"}}, {"model": "auth.permission", "pk": 26, "fields": {"name": "Can change read num", "content_type": 9, "codename": "change_readnum"}}, {"model": "auth.permission", "pk": 27, "fields": {"name": "Can delete read num", "content_type": 9, "codename": "delete_readnum"}}, {"model": "auth.permission", "pk": 28, "fields": {"name": "Can add read num", "content_type": 10, "codename": "add_readnum"}}, {"model": "auth.permission", "pk": 29, "fields": {"name": "Can change read num", "content_type": 10, "codename": "change_readnum"}}, {"model": "auth.permission", "pk": 30, "fields": {"name": "Can delete read num", "content_type": 10, "codename": "delete_readnum"}}, {"model": "auth.permission", "pk": 31, "fields": {"name": "Can add read detail", "content_type": 11, "codename": "add_readdetail"}}, {"model": "auth.permission", "pk": 32, "fields": {"name": "Can change read detail", "content_type": 11, "codename": "change_readdetail"}}, {"model": "auth.permission", "pk": 33, "fields": {"name": "Can delete read detail", "content_type": 11, "codename": "delete_readdetail"}}, {"model": "auth.permission", "pk": 34, "fields": {"name": "Can add comment", "content_type": 12, "codename": "add_comment"}}, {"model": "auth.permission", "pk": 35, "fields": {"name": "Can change comment", "content_type": 12, "codename": "change_comment"}}, {"model": "auth.permission", "pk": 36, "fields": {"name": "Can delete comment", "content_type": 12, "codename": "delete_comment"}}, {"model": "auth.user", "pk": 1, "fields": {"password": "pbkdf2_sha256$100000$zmC2m11A2u3b$QX6niOdeh7g0ilMyoU4UR31M14ZK7nn4KAA6O/EFPrk=", "last_login": "2018-11-21T05:24:00Z", "is_superuser": false, "username": "ysh", "first_name": "", "last_name": "", "email": "", "is_staff": false, "is_active": false, "date_joined": "2017-12-24T17:49:00Z", "groups": [], "user_permissions": []}}, {"model": "auth.user", "pk": 2, "fields": {"password": "pbkdf2_sha256$100000$AZnlmNmK2LnP$mgYr9CtaZo4hLmxbfMAfoAY2z/3qoytF9LcNpEqr2xk=", "last_login": "2018-03-31T10:43:26.190Z", "is_superuser": false, "username": "ysh1", "first_name": "", "last_name": "", "email": "1@qq.com", "is_staff": false, "is_active": true, "date_joined": "2018-03-31T10:43:25.831Z", "groups": [], "user_permissions": []}}, {"model": "auth.user", "pk": 3, "fields": {"password": "pbkdf2_sha256$100000$wcaS6pC6XDeD$7NWytOioWf6/rs2lDBemOFEgJAsv0Gd8SMK4py8ulPk=", "last_login": "2018-11-21T05:19:11.414Z", "is_superuser": false, "username": "aaa", "first_name": "", "last_name": "", "email": "aaa@store.com", "is_staff": false, "is_active": true, "date_joined": "2018-11-21T05:19:10.780Z", "groups": [], "user_permissions": []}}, {"model": "auth.user", "pk": 4, "fields": {"password": "pbkdf2_sha256$100000$hFy6SoHOoAQN$dLaOmsqrz4u6Y9zF305tU8esTId5+JkeOL+Gi5GezzI=", "last_login": "2018-11-21T05:19:41.557Z", "is_superuser": false, "username": "bbb", "first_name": "", "last_name": "", "email": "qqqq@qq.com", "is_staff": false, "is_active": true, "date_joined": "2018-11-21T05:19:41.015Z", "groups": [], "user_permissions": []}}, {"model": "auth.user", "pk": 5, "fields": {"password": "pbkdf2_sha256$100000$Fo3DnVkszf1K$qk7rO7kwX6YUdT2G3bXuw30B92JZ28XW63RjeR88YN8=", "last_login": "2018-11-21T05:49:31.583Z", "is_superuser": true, "username": "mchen", "first_name": "", "last_name": "", "email": "", "is_staff": true, "is_active": true, "date_joined": "2018-11-21T05:22:29.297Z", "groups": [], "user_permissions": []}}, {"model": "blog.blog", "pk": 3, "fields": {"title": "\u957f\u5185\u5bb9\u7684\u535a\u5ba2", "blog_type": 2, "content": "<h2>1\u3001\u6d4b\u8bd5</h2>\r\n\r\n<p>\u963f\u65af\u987f\u623f\u4ef7\u963f\u65af\u987f\u623f\u4ef7\u963f\u65af\u987f\u623f\u4ef7\u963f<strong>\u65af\u987f\u623f\u4ef7\u963f\u65af</strong><br />\r\n\u987f\u623f\u4ef7\u963f\u65af\u987f\u623f\u4ef7\u963f\u65af\u987f\u623f</p>\r\n\r\n<p><img alt=\"\" src=\"/media/upload/2018/02/05/lwpbrq.png\" style=\"height:240px\" /></p>\r\n\r\n<p><span style=\"color:#1abc9c\">sdfsdfsdf</span></p>\r\n\r\n<p><span style=\"color:#1abc9c\">sdfsdf<span style=\"background-color:#f39c12\">sdfsdf</span></span></p>", "author": 1, "created_time": "2017-12-28T16:52:41.398Z", "last_updated_time": "2018-02-04T18:06:59.335Z", "is_recommend": false}}, {"model": "blog.blog", "pk": 4, "fields": {"title": "\u968f\u7b142", "blog_type": 2, "content": "\u58eb\u5927\u592b", "author": 1, "created_time": "2017-12-28T17:14:14.805Z", "last_updated_time": "2017-12-28T17:14:14.806Z", "is_recommend": false}}, {"model": "blog.blog", "pk": 5, "fields": {"title": "Django1", "blog_type": 1, "content": "test", "author": 1, "created_time": "2017-12-28T17:14:29.850Z", "last_updated_time": "2017-12-28T17:14:29.850Z", "is_recommend": false}}, {"model": "blog.blog", "pk": 6, "fields": {"title": "shell\u4e0b\u7b2c1\u7bc7", "blog_type": 1, "content": "xxxxxxx", "author": 1, "created_time": "2018-01-19T17:53:22.745Z", "last_updated_time": "2018-01-19T17:53:22.745Z", "is_recommend": false}}, {"model": "blog.blog", "pk": 7, "fields": {"title": "for 1", "blog_type": 1, "content": "xxxx:1", "author": 1, "created_time": "2018-01-19T18:00:40.831Z", "last_updated_time": "2018-01-19T18:00:40.831Z", "is_recommend": false}}, {"model": "blog.blog", "pk": 8, "fields": {"title": "for 2", "blog_type": 1, "content": "xxxx:2", "author": 1, "created_time": "2018-01-19T18:00:40.846Z", "last_updated_time": "2018-01-19T18:00:40.847Z", "is_recommend": false}}, {"model": "blog.blog", "pk": 9, "fields": {"title": "for 3", "blog_type": 1, "content": "xxxx:3", "author": 1, "created_time": "2018-01-19T18:00:40.856Z", "last_updated_time": "2018-01-19T18:00:40.856Z", "is_recommend": false}}, {"model": "blog.blog", "pk": 10, "fields": {"title": "for 4", "blog_type": 1, "content": "xxxx:4", "author": 1, "created_time": "2018-01-19T18:00:40.867Z", "last_updated_time": "2018-01-19T18:00:40.867Z", "is_recommend": false}}, {"model": "blog.blog", "pk": 11, "fields": {"title": "for 5", "blog_type": 1, "content": "xxxx:5", "author": 1, "created_time": "2018-01-19T18:00:40.874Z", "last_updated_time": "2018-01-19T18:00:40.874Z", "is_recommend": false}}, {"model": "blog.blog", "pk": 12, "fields": {"title": "for 6", "blog_type": 1, "content": "xxxx:6", "author": 1, "created_time": "2018-01-19T18:00:40.880Z", "last_updated_time": "2018-01-19T18:00:40.880Z", "is_recommend": false}}, {"model": "blog.blog", "pk": 13, "fields": {"title": "for 7", "blog_type": 1, "content": "xxxx:7", "author": 1, "created_time": "2018-01-19T18:00:40.889Z", "last_updated_time": "2018-01-19T18:00:40.889Z", "is_recommend": false}}, {"model": "blog.blog", "pk": 14, "fields": {"title": "for 8", "blog_type": 1, "content": "xxxx:8", "author": 1, "created_time": "2018-01-19T18:00:40.897Z", "last_updated_time": "2018-01-19T18:00:40.897Z", "is_recommend": false}}, {"model": "blog.blog", "pk": 15, "fields": {"title": "for 9", "blog_type": 1, "content": "xxxx:9", "author": 1, "created_time": "2018-01-19T18:00:40.906Z", "last_updated_time": "2018-01-19T18:00:40.906Z", "is_recommend": false}}, {"model": "blog.blog", "pk": 16, "fields": {"title": "for 10", "blog_type": 1, "content": "xxxx:10", "author": 1, "created_time": "2018-01-19T18:00:40.913Z", "last_updated_time": "2018-01-19T18:00:40.913Z", "is_recommend": false}}, {"model": "blog.blog", "pk": 17, "fields": {"title": "for 11", "blog_type": 1, "content": "xxxx:11", "author": 1, "created_time": "2018-01-19T18:00:40.922Z", "last_updated_time": "2018-01-19T18:00:40.922Z", "is_recommend": false}}, {"model": "blog.blog", "pk": 18, "fields": {"title": "for 12", "blog_type": 1, "content": "xxxx:12", "author": 1, "created_time": "2018-01-19T18:00:40.929Z", "last_updated_time": "2018-01-19T18:00:40.929Z", "is_recommend": false}}, {"model": "blog.blog", "pk": 19, "fields": {"title": "for 13", "blog_type": 1, "content": "xxxx:13", "author": 1, "created_time": "2018-01-19T18:00:40.934Z", "last_updated_time": "2018-01-19T18:00:40.935Z", "is_recommend": false}}, {"model": "blog.blog", "pk": 20, "fields": {"title": "for 14", "blog_type": 1, "content": "xxxx:14", "author": 1, "created_time": "2018-01-19T18:00:40.940Z", "last_updated_time": "2018-01-19T18:00:40.941Z", "is_recommend": false}}, {"model": "blog.blog", "pk": 21, "fields": {"title": "for 15", "blog_type": 1, "content": "xxxx:15", "author": 1, "created_time": "2018-01-19T18:00:40.954Z", "last_updated_time": "2018-01-19T18:00:40.954Z", "is_recommend": false}}, {"model": "blog.blog", "pk": 22, "fields": {"title": "for 16", "blog_type": 1, "content": "xxxx:16", "author": 1, "created_time": "2018-01-19T18:00:40.963Z", "last_updated_time": "2018-01-19T18:00:40.964Z", "is_recommend": false}}, {"model": "blog.blog", "pk": 23, "fields": {"title": "for 17", "blog_type": 1, "content": "xxxx:17", "author": 1, "created_time": "2018-01-19T18:00:40.972Z", "last_updated_time": "2018-01-19T18:00:40.972Z", "is_recommend": false}}, {"model": "blog.blog", "pk": 24, "fields": {"title": "for 18", "blog_type": 1, "content": "xxxx:18", "author": 1, "created_time": "2018-01-19T18:00:40.980Z", "last_updated_time": "2018-01-19T18:00:40.981Z", "is_recommend": false}}, {"model": "blog.blog", "pk": 25, "fields": {"title": "for 19", "blog_type": 1, "content": "xxxx:19", "author": 1, "created_time": "2018-01-19T18:00:40.995Z", "last_updated_time": "2018-01-19T18:00:40.995Z", "is_recommend": false}}, {"model": "blog.blog", "pk": 26, "fields": {"title": "for 20", "blog_type": 1, "content": "<p>xxxx:20</p>", "author": 1, "created_time": "2018-01-19T18:00:41.007Z", "last_updated_time": "2018-11-19T06:27:50.996Z", "is_recommend": true}}, {"model": "blog.blog", "pk": 27, "fields": {"title": "for 21", "blog_type": 1, "content": "xxxx:21", "author": 1, "created_time": "2018-01-19T18:00:41.016Z", "last_updated_time": "2018-01-19T18:00:41.016Z", "is_recommend": false}}, {"model": "blog.blog", "pk": 28, "fields": {"title": "for 22", "blog_type": 1, "content": "<p>xxxx:22</p>", "author": 1, "created_time": "2018-01-19T18:00:41.027Z", "last_updated_time": "2018-11-21T05:29:06.296Z", "is_recommend": true}}, {"model": "blog.blog", "pk": 29, "fields": {"title": "for 23", "blog_type": 1, "content": "xxxx:23", "author": 1, "created_time": "2018-01-19T18:00:41.034Z", "last_updated_time": "2018-01-19T18:00:41.034Z", "is_recommend": false}}, {"model": "blog.blog", "pk": 30, "fields": {"title": "for 24", "blog_type": 1, "content": "xxxx:24", "author": 1, "created_time": "2018-01-19T18:00:41.042Z", "last_updated_time": "2018-01-19T18:00:41.042Z", "is_recommend": false}}, {"model": "blog.blog", "pk": 31, "fields": {"title": "for 25", "blog_type": 1, "content": "xxxx:25", "author": 1, "created_time": "2018-01-19T18:00:41.050Z", "last_updated_time": "2018-01-19T18:00:41.050Z", "is_recommend": false}}, {"model": "blog.blog", "pk": 32, "fields": {"title": "for 26", "blog_type": 1, "content": "xxxx:26", "author": 1, "created_time": "2018-01-19T18:00:41.056Z", "last_updated_time": "2018-01-19T18:00:41.056Z", "is_recommend": false}}, {"model": "blog.blog", "pk": 33, "fields": {"title": "for 27", "blog_type": 1, "content": "xxxx:27", "author": 1, "created_time": "2018-01-19T18:00:41.065Z", "last_updated_time": "2018-01-19T18:00:41.065Z", "is_recommend": false}}, {"model": "blog.blog", "pk": 34, "fields": {"title": "for 28", "blog_type": 1, "content": "xxxx:28", "author": 1, "created_time": "2018-01-19T18:00:41.072Z", "last_updated_time": "2018-01-19T18:00:41.073Z", "is_recommend": false}}, {"model": "blog.blog", "pk": 35, "fields": {"title": "for 29", "blog_type": 1, "content": "xxxx:29", "author": 1, "created_time": "2018-01-19T18:00:41.080Z", "last_updated_time": "2018-02-07T17:24:16.069Z", "is_recommend": false}}, {"model": "blog.blog", "pk": 36, "fields": {"title": "for 30", "blog_type": 1, "content": "<p>xxxx:30</p>", "author": 1, "created_time": "2018-01-19T18:00:41.089Z", "last_updated_time": "2018-11-19T04:55:17.130Z", "is_recommend": true}}, {"model": "comment.comment", "pk": 2, "fields": {"content_type": 8, "object_id": 36, "text": "123", "comment_time": "2018-03-25T18:56:01.894Z", "user": 1, "root": null, "parent": null, "reply_to": null}}, {"model": "comment.comment", "pk": 3, "fields": {"content_type": 8, "object_id": 36, "text": "234", "comment_time": "2018-03-25T19:03:41.918Z", "user": 1, "root": null, "parent": null, "reply_to": null}}, {"model": "comment.comment", "pk": 4, "fields": {"content_type": 8, "object_id": 36, "text": "345", "comment_time": "2018-04-08T18:01:12.027Z", "user": 1, "root": null, "parent": null, "reply_to": null}}, {"model": "comment.comment", "pk": 5, "fields": {"content_type": 8, "object_id": 36, "text": "456", "comment_time": "2018-04-08T18:21:35.579Z", "user": 1, "root": null, "parent": null, "reply_to": null}}, {"model": "comment.comment", "pk": 6, "fields": {"content_type": 8, "object_id": 36, "text": "<p>567</p>", "comment_time": "2018-04-08T18:32:59.263Z", "user": 1, "root": null, "parent": null, "reply_to": null}}, {"model": "comment.comment", "pk": 7, "fields": {"content_type": 8, "object_id": 36, "text": "<p>678</p>", "comment_time": "2018-04-08T18:54:55.275Z", "user": 1, "root": null, "parent": null, "reply_to": null}}, {"model": "comment.comment", "pk": 8, "fields": {"content_type": 8, "object_id": 36, "text": "<p>789</p>", "comment_time": "2018-04-08T18:59:01.475Z", "user": 1, "root": null, "parent": null, "reply_to": null}}, {"model": "comment.comment", "pk": 9, "fields": {"content_type": 8, "object_id": 36, "text": "<p>899</p>", "comment_time": "2018-04-08T19:03:03.352Z", "user": 1, "root": null, "parent": null, "reply_to": null}}, {"model": "comment.comment", "pk": 10, "fields": {"content_type": 8, "object_id": 36, "text": "<p><img alt=\"smiley\" height=\"23\" src=\"http://localhost:8000/static/ckeditor/ckeditor/plugins/smiley/images/regular_smile.png\" title=\"smiley\" width=\"23\" /></p>", "comment_time": "2018-04-08T19:18:32.838Z", "user": 1, "root": null, "parent": null, "reply_to": null}}, {"model": "comment.comment", "pk": 11, "fields": {"content_type": 8, "object_id": 36, "text": "123123", "comment_time": "2018-04-12T20:20:07.926Z", "user": 2, "root": 2, "parent": 2, "reply_to": 1}}, {"model": "comment.comment", "pk": 12, "fields": {"content_type": 8, "object_id": 36, "text": "<p>1234</p>", "comment_time": "2018-04-12T21:26:24.344Z", "user": 1, "root": 10, "parent": 10, "reply_to": 1}}, {"model": "comment.comment", "pk": 13, "fields": {"content_type": 8, "object_id": 36, "text": "<p>1234</p>", "comment_time": "2018-04-12T21:27:17.276Z", "user": 1, "root": null, "parent": null, "reply_to": null}}, {"model": "comment.comment", "pk": 14, "fields": {"content_type": 8, "object_id": 36, "text": "<p>12345</p>", "comment_time": "2018-04-12T21:49:49.195Z", "user": 1, "root": 10, "parent": 12, "reply_to": 1}}, {"model": "comment.comment", "pk": 15, "fields": {"content_type": 8, "object_id": 36, "text": "<p>2134</p>", "comment_time": "2018-04-12T21:49:57.446Z", "user": 1, "root": 13, "parent": 13, "reply_to": 1}}, {"model": "comment.comment", "pk": 16, "fields": {"content_type": 8, "object_id": 36, "text": "<p>dfg</p>", "comment_time": "2018-04-12T21:51:50.962Z", "user": 1, "root": 13, "parent": 13, "reply_to": 1}}, {"model": "admin.logentry", "pk": 1, "fields": {"action_time": "2017-12-24T17:57:25.871Z", "user": 1, "content_type": 7, "object_id": "1", "object_repr": "BlogType object (1)", "action_flag": 1, "change_message": "[{\"added\": {}}]"}}, {"model": "admin.logentry", "pk": 2, "fields": {"action_time": "2017-12-24T17:57:34.218Z", "user": 1, "content_type": 7, "object_id": "2", "object_repr": "BlogType object (2)", "action_flag": 1, "change_message": "[{\"added\": {}}]"}}, {"model": "admin.logentry", "pk": 3, "fields": {"action_time": "2017-12-24T17:57:42.824Z", "user": 1, "content_type": 7, "object_id": "3", "object_repr": "BlogType object (3)", "action_flag": 1, "change_message": "[{\"added\": {}}]"}}, {"model": "admin.logentry", "pk": 4, "fields": {"action_time": "2017-12-24T17:59:38.608Z", "user": 1, "content_type": 8, "object_id": "1", "object_repr": "<Blog: \u7b2c\u4e00\u7bc7\u535a\u5ba2>", "action_flag": 1, "change_message": "[{\"added\": {}}]"}}, {"model": "admin.logentry", "pk": 5, "fields": {"action_time": "2017-12-28T16:45:51.048Z", "user": 1, "content_type": 8, "object_id": "2", "object_repr": "<Blog: \u7b2c\u4e8c\u7bc7\u535a\u5ba2>", "action_flag": 1, "change_message": "[{\"added\": {}}]"}}, {"model": "admin.logentry", "pk": 6, "fields": {"action_time": "2017-12-28T16:50:53.821Z", "user": 1, "content_type": 8, "object_id": "2", "object_repr": "<Blog: \u7b2c\u4e8c\u7bc7\u535a\u5ba2>", "action_flag": 3, "change_message": ""}}, {"model": "admin.logentry", "pk": 7, "fields": {"action_time": "2017-12-28T16:50:53.838Z", "user": 1, "content_type": 8, "object_id": "1", "object_repr": "<Blog: \u7b2c\u4e00\u7bc7\u535a\u5ba2>", "action_flag": 3, "change_message": ""}}, {"model": "admin.logentry", "pk": 8, "fields": {"action_time": "2017-12-28T16:52:41.400Z", "user": 1, "content_type": 8, "object_id": "3", "object_repr": "<Blog: \u957f\u5185\u5bb9\u7684\u535a\u5ba2>", "action_flag": 1, "change_message": "[{\"added\": {}}]"}}, {"model": "admin.logentry", "pk": 9, "fields": {"action_time": "2017-12-28T17:14:14.808Z", "user": 1, "content_type": 8, "object_id": "4", "object_repr": "<Blog: \u968f\u7b142>", "action_flag": 1, "change_message": "[{\"added\": {}}]"}}, {"model": "admin.logentry", "pk": 10, "fields": {"action_time": "2017-12-28T17:14:29.852Z", "user": 1, "content_type": 8, "object_id": "5", "object_repr": "<Blog: Django1>", "action_flag": 1, "change_message": "[{\"added\": {}}]"}}, {"model": "admin.logentry", "pk": 11, "fields": {"action_time": "2018-02-04T17:32:41.794Z", "user": 1, "content_type": 8, "object_id": "3", "object_repr": "<Blog: \u957f\u5185\u5bb9\u7684\u535a\u5ba2>", "action_flag": 2, "change_message": "[{\"changed\": {\"fields\": [\"content\"]}}]"}}, {"model": "admin.logentry", "pk": 12, "fields": {"action_time": "2018-02-04T17:49:46.452Z", "user": 1, "content_type": 8, "object_id": "3", "object_repr": "<Blog: \u957f\u5185\u5bb9\u7684\u535a\u5ba2>", "action_flag": 2, "change_message": "[{\"changed\": {\"fields\": [\"content\"]}}]"}}, {"model": "admin.logentry", "pk": 13, "fields": {"action_time": "2018-02-04T18:06:59.339Z", "user": 1, "content_type": 8, "object_id": "3", "object_repr": "<Blog: \u957f\u5185\u5bb9\u7684\u535a\u5ba2>", "action_flag": 2, "change_message": "[{\"changed\": {\"fields\": [\"content\"]}}]"}}, {"model": "admin.logentry", "pk": 14, "fields": {"action_time": "2018-02-07T17:27:27.225Z", "user": 1, "content_type": 8, "object_id": "36", "object_repr": "<Blog: for 30>", "action_flag": 2, "change_message": "[{\"changed\": {\"fields\": [\"content\"]}}]"}}, {"model": "admin.logentry", "pk": 15, "fields": {"action_time": "2018-02-23T17:34:48.876Z", "user": 1, "content_type": 9, "object_id": "1", "object_repr": "ReadNum object (1)", "action_flag": 1, "change_message": "[{\"added\": {}}]"}}, {"model": "admin.logentry", "pk": 16, "fields": {"action_time": "2018-02-23T18:17:40.854Z", "user": 1, "content_type": 10, "object_id": "1", "object_repr": "ReadNum object (1)", "action_flag": 1, "change_message": "[{\"added\": {}}]"}}, {"model": "admin.logentry", "pk": 17, "fields": {"action_time": "2018-02-28T16:48:58.931Z", "user": 1, "content_type": 11, "object_id": "1", "object_repr": "ReadDetail object (1)", "action_flag": 1, "change_message": "[{\"added\": {}}]"}}, {"model": "admin.logentry", "pk": 18, "fields": {"action_time": "2018-03-05T18:55:13.053Z", "user": 1, "content_type": 11, "object_id": "5", "object_repr": "ReadDetail object (5)", "action_flag": 1, "change_message": "[{\"added\": {}}]"}}, {"model": "admin.logentry", "pk": 19, "fields": {"action_time": "2018-03-05T18:55:42.547Z", "user": 1, "content_type": 10, "object_id": "4", "object_repr": "ReadNum object (4)", "action_flag": 2, "change_message": "[{\"changed\": {\"fields\": [\"read_num\"]}}]"}}, {"model": "admin.logentry", "pk": 20, "fields": {"action_time": "2018-03-25T18:32:56.558Z", "user": 1, "content_type": 10, "object_id": "1", "object_repr": "ReadNum object (1)", "action_flag": 2, "change_message": "[{\"changed\": {\"fields\": [\"read_num\"]}}]"}}, {"model": "admin.logentry", "pk": 21, "fields": {"action_time": "2018-03-25T18:56:30.855Z", "user": 1, "content_type": 12, "object_id": "1", "object_repr": "Comment object (1)", "action_flag": 3, "change_message": ""}}, {"model": "admin.logentry", "pk": 22, "fields": {"action_time": "2018-04-12T20:20:07.932Z", "user": 1, "content_type": 12, "object_id": "11", "object_repr": "Comment object (11)", "action_flag": 1, "change_message": "[{\"added\": {}}]"}}, {"model": "admin.logentry", "pk": 23, "fields": {"action_time": "2018-04-12T20:23:41.856Z", "user": 1, "content_type": 12, "object_id": "11", "object_repr": "123123", "action_flag": 2, "change_message": "[{\"changed\": {\"fields\": [\"parent\"]}}]"}}, {"model": "admin.logentry", "pk": 24, "fields": {"action_time": "2018-04-12T20:46:06.841Z", "user": 1, "content_type": 12, "object_id": "11", "object_repr": "123123", "action_flag": 2, "change_message": "[{\"changed\": {\"fields\": [\"root\", \"reply_to\"]}}]"}}, {"model": "admin.logentry", "pk": 25, "fields": {"action_time": "2018-11-19T04:55:17.132Z", "user": 1, "content_type": 8, "object_id": "36", "object_repr": "<Blog: for 30>", "action_flag": 2, "change_message": "[{\"changed\": {\"fields\": [\"is_recommend\"]}}]"}}, {"model": "admin.logentry", "pk": 26, "fields": {"action_time": "2018-11-19T06:27:50.998Z", "user": 1, "content_type": 8, "object_id": "26", "object_repr": "<Blog: for 20>", "action_flag": 2, "change_message": "[{\"changed\": {\"fields\": [\"content\", \"is_recommend\"]}}]"}}, {"model": "admin.logentry", "pk": 27, "fields": {"action_time": "2018-11-21T05:23:53.379Z", "user": 5, "content_type": 4, "object_id": "1", "object_repr": "ysh", "action_flag": 2, "change_message": "[{\"changed\": {\"fields\": [\"is_superuser\", \"last_login\"]}}]"}}, {"model": "admin.logentry", "pk": 28, "fields": {"action_time": "2018-11-21T05:24:48.292Z", "user": 5, "content_type": 4, "object_id": "1", "object_repr": "ysh", "action_flag": 3, "change_message": ""}}, {"model": "admin.logentry", "pk": 29, "fields": {"action_time": "2018-11-21T05:24:48.434Z", "user": 5, "content_type": 4, "object_id": "2", "object_repr": "ysh1", "action_flag": 3, "change_message": ""}}, {"model": "admin.logentry", "pk": 30, "fields": {"action_time": "2018-11-21T05:25:22.741Z", "user": 5, "content_type": 4, "object_id": "1", "object_repr": "ysh", "action_flag": 2, "change_message": "[{\"changed\": {\"fields\": [\"is_active\", \"is_staff\", \"last_login\"]}}]"}}, {"model": "admin.logentry", "pk": 31, "fields": {"action_time": "2018-11-21T05:29:06.298Z", "user": 5, "content_type": 8, "object_id": "28", "object_repr": "<Blog: for 22>", "action_flag": 2, "change_message": "[{\"changed\": {\"fields\": [\"content\", \"is_recommend\"]}}]"}}]